,#core*#ppn,E,N,communicate,compute,count,i/o,synchronous
0,8,5000,256,0.252571,8.5e-05,391,0.002479,0.403535
1,8,5000,256,0.348481,0.00014,521,0.00248,0.416168
2,8,5000,256,0.330592,0.000101,411,0.002477,0.388678
3,8,5000,256,0.378444,0.000123,431,0.00244,0.436607
4,8,5000,256,0.325975,0.000117,371,0.00246,0.409499
5,8,5000,256,0.237331,8.7e-05,361,0.002503,0.543178
6,8,5000,256,0.359826,0.000166,501,0.002452,0.379848
7,8,5000,256,0.454042,0.000106,481,0.002451,0.391223
8,8,5000,256,0.260231,8.7e-05,391,0.00244,0.495267
9,8,5000,256,0.238461,9.8e-05,381,0.002441,0.505037
10,8,5000,256,0.363946,9.1e-05,301,0.002623,0.490988
11,8,5000,256,0.144886,8.8e-05,371,0.002456,0.530658
12,8,5000,256,0.119222,9.7e-05,451,0.002633,0.565937
13,8,5000,256,0.107817,5.9e-05,351,0.002445,0.613322
14,8,5000,256,0.243038,9.7e-05,511,0.002478,0.623391
15,8,5000,256,0.114288,0.000111,521,0.002471,0.669542
16,8,5000,256,0.260769,0.000118,391,0.002459,0.406081
17,8,5000,256,0.400877,0.000119,381,0.002472,0.386479
18,8,5000,256,0.441913,7.9e-05,311,0.002452,0.393647
19,8,5000,256,0.357337,0.000144,461,0.002468,0.411097
20,8,5000,256,0.292616,0.000123,371,0.002433,0.41507
21,8,5000,256,0.434095,0.000113,411,0.002455,0.402214
22,8,5000,256,0.236779,0.000111,421,0.002458,0.422665
23,8,5000,256,0.297401,0.000121,531,0.002478,0.419089
24,8,5000,256,0.455147,0.000139,411,0.002511,0.372476
25,8,5000,256,0.314672,0.0001,341,0.002453,0.452749
26,8,5000,256,0.267974,0.00011,421,0.00245,0.424673
27,8,5000,256,0.259713,0.000101,391,0.002492,0.451003
28,8,5000,256,0.309421,8.9e-05,391,0.002462,0.441389
29,8,5000,256,0.27318,0.000107,451,0.002477,0.441649
30,8,5000,256,0.288347,8.2e-05,351,0.002457,0.425769
31,8,5000,256,0.411528,8.7e-05,341,0.002454,0.414658
32,8,5000,256,0.373111,9.4e-05,401,0.002438,0.436013
33,8,5000,256,0.26359,0.000108,351,0.00245,0.445018
34,8,5000,256,0.276186,0.000115,381,0.002576,0.445075
35,8,5000,256,0.314704,0.000113,381,0.002488,0.444229
36,8,5000,256,0.347477,0.000111,381,0.00246,0.430725
37,8,5000,256,0.259889,9.6e-05,401,0.002462,0.439239
38,8,5000,256,0.267712,0.000119,421,0.002488,0.44355
39,8,5000,256,0.208478,0.000115,461,0.002461,0.467553
40,8,5000,256,0.267282,9.9e-05,401,0.002465,0.466075
41,8,5000,256,0.209126,7.8e-05,361,0.002434,0.480556
42,8,5000,256,0.250481,0.000103,461,0.002489,0.450728
43,8,5000,256,0.327196,0.000129,371,0.002456,0.464777
44,8,5000,256,0.25814,0.000126,491,0.002468,0.469114
45,8,5000,256,0.435173,0.000109,511,0.00245,0.393244
46,8,5000,256,0.341898,0.00012,451,0.002474,0.445333
47,8,5000,256,0.300053,9.5e-05,401,0.002434,0.482626
48,8,5000,256,0.322164,9.9e-05,411,0.002468,0.462206
49,8,5000,256,0.288041,9.9e-05,341,0.002435,0.483407
50,8,5000,256,0.177492,0.000104,401,0.002545,0.492752
51,8,5000,256,0.15783,7e-05,281,0.002441,0.511584
52,8,5000,256,0.279892,0.00011,391,0.002457,0.506403
53,8,5000,256,0.193022,0.000103,361,0.002458,0.498067
54,8,5000,256,0.192312,9.4e-05,381,0.002499,0.489444
55,8,5000,256,0.203948,7.9e-05,331,0.002448,0.489826
56,8,5000,256,0.335644,0.000117,471,0.002444,0.503604
57,8,5000,256,0.316607,7.2e-05,321,0.002583,0.459896
58,8,5000,256,0.185831,9.1e-05,381,0.002441,0.504945
59,8,5000,256,0.234892,8.5e-05,381,0.002481,0.500745
60,8,5000,256,0.222213,9.2e-05,331,0.00245,0.4868
61,8,5000,256,0.2699,8.6e-05,401,0.002462,0.512693
62,8,5000,256,0.213086,0.000128,521,0.002442,0.511608
63,8,5000,256,0.342787,8.8e-05,421,0.002434,0.492083
64,8,5000,256,0.207021,8.6e-05,411,0.002473,0.512578
65,8,5000,256,0.199397,9.2e-05,431,0.002483,0.525384
66,8,5000,256,0.432065,0.0001,461,0.002496,0.417547
67,8,5000,256,0.37481,8.7e-05,301,0.002433,0.452011
68,8,5000,256,0.139467,0.000121,451,0.002476,0.547914
69,8,5000,256,0.145309,9.8e-05,351,0.00248,0.531459
70,8,5000,256,0.291713,0.00012,511,0.002456,0.501343
71,8,5000,256,0.146831,0.000109,441,0.002443,0.529201
72,8,5000,256,0.24807,0.000104,511,0.002481,0.522524
73,8,5000,256,0.156335,8.6e-05,381,0.002463,0.54024
74,8,5000,256,0.303383,9.1e-05,441,0.002439,0.519965
75,8,5000,256,0.361552,8.5e-05,351,0.002465,0.48533
76,8,5000,256,0.119271,0.000108,371,0.002457,0.549016
77,8,5000,256,0.296254,9.5e-05,461,0.002429,0.527955
78,8,5000,256,0.223446,0.000109,441,0.00244,0.5589
79,8,5000,256,0.213161,8.2e-05,311,0.002628,0.543799
80,8,5000,256,0.114122,7.9e-05,341,0.002474,0.554867
81,8,5000,256,0.205333,9e-05,381,0.002476,0.547081
82,8,5000,256,0.190502,8.1e-05,341,0.002471,0.549305
83,8,5000,256,0.255883,8.9e-05,421,0.002452,0.543242
84,8,5000,256,0.296698,0.000113,471,0.002432,0.531267
85,8,5000,256,0.167905,7.4e-05,381,0.00247,0.557231
86,8,5000,256,0.165508,9.3e-05,401,0.002482,0.569673
87,8,5000,256,0.291506,9e-05,351,0.002448,0.542445
88,8,5000,256,0.107748,9e-05,421,0.002465,0.567634
89,8,5000,256,0.20557,6.8e-05,321,0.002482,0.563272
90,8,5000,256,0.216818,8.9e-05,381,0.002443,0.563965
91,8,5000,256,0.248622,8.6e-05,411,0.002469,0.550258
92,8,5000,256,0.334456,6.9e-05,361,0.002445,0.51175
93,8,5000,256,0.142009,8.7e-05,421,0.00248,0.572215
94,8,5000,256,0.212383,7.9e-05,351,0.0025,0.575638
95,8,5000,256,0.226887,5.8e-05,331,0.002441,0.567018
96,8,5000,256,0.277284,5.9e-05,351,0.002451,0.53251
97,8,5000,256,0.408754,7.4e-05,371,0.015654,0.454184
98,8,5000,256,0.187813,9.7e-05,461,0.002443,0.59053
99,8,5000,256,0.079037,7.7e-05,301,0.002426,0.615715
100,8,5000,256,0.194534,0.000112,501,0.002465,0.585548
101,8,5000,256,0.228228,6.2e-05,301,0.002452,0.576589
102,8,5000,256,0.183181,6e-05,391,0.002581,0.584721
103,8,5000,256,0.260067,8.2e-05,401,0.002437,0.560065
104,8,5000,256,0.142553,7e-05,301,0.002468,0.620812
105,8,5000,256,0.339555,7e-05,301,0.002447,0.520849
106,8,5000,256,0.242786,0.000132,481,0.002447,0.571901
107,8,5000,256,0.27939,9.4e-05,401,0.002435,0.556539
108,8,5000,256,0.105471,8.7e-05,381,0.002476,0.593468
109,8,5000,256,0.16009,8.6e-05,381,0.002433,0.596881
110,8,5000,256,0.255667,9e-05,401,0.002448,0.577221
111,8,5000,256,0.190561,7.2e-05,371,0.002463,0.603202
112,8,5000,256,0.185066,0.000104,461,0.002532,0.591128
113,8,5000,256,0.258979,9.9e-05,511,0.002465,0.579048
114,8,5000,256,0.117386,0.000115,511,0.002468,0.604782
115,8,5000,256,0.186699,9.4e-05,401,0.005101,0.610862
116,8,5000,256,0.276382,6.1e-05,391,0.002442,0.562169
117,8,5000,256,0.202024,0.000104,431,0.002472,0.593796
118,8,5000,256,0.248178,8.3e-05,411,0.002484,0.614053
119,8,5000,256,0.081072,7.5e-05,321,0.00255,0.630828
120,8,5000,256,0.268526,5.7e-05,281,0.002432,0.589836
121,8,5000,256,0.157724,7.8e-05,441,0.002473,0.629994
122,8,5000,256,0.149357,8.3e-05,361,0.002458,0.615259
123,8,5000,256,0.101933,6.6e-05,431,0.002467,0.623849
124,8,5000,256,0.058324,9.1e-05,411,0.002446,0.626942
125,8,5000,256,0.237631,9.7e-05,451,0.002439,0.572771
126,8,5000,256,0.136054,6.6e-05,371,0.002464,0.626939
127,8,5000,256,0.090587,8.6e-05,501,0.00246,0.634119
128,8,5000,256,0.209041,9.6e-05,431,0.002532,0.611188
129,8,5000,256,0.119766,9.2e-05,431,0.002434,0.624613
130,8,5000,256,0.311718,7.7e-05,361,0.002481,0.53345
131,8,5000,256,0.220217,7.3e-05,411,0.002442,0.609555
132,8,5000,256,0.278819,9.9e-05,471,0.002534,0.579277
133,8,5000,256,0.162303,9.2e-05,421,0.002464,0.639926
134,8,5000,256,0.173576,0.000105,481,0.002463,0.626289
135,8,5000,256,0.210598,8.1e-05,491,0.002446,0.616146
136,8,5000,256,0.047941,7.7e-05,451,0.002436,0.647298
137,8,5000,256,0.049078,7.9e-05,501,0.002477,0.642232
138,8,5000,256,0.07461,8.2e-05,381,0.00244,0.641035
139,8,5000,256,0.154942,8.3e-05,421,0.002439,0.649936
140,8,5000,256,0.071114,8.5e-05,441,0.002515,0.646667
141,8,5000,256,0.090318,5.5e-05,371,0.002608,0.645122
142,8,5000,256,0.111784,7e-05,511,0.002478,0.664146
143,8,5000,256,0.291539,6.7e-05,351,0.003007,0.5785
144,8,5000,256,0.066819,8.5e-05,441,0.002454,0.641956
145,8,5000,256,0.263662,8e-05,411,0.00244,0.601405
146,8,5000,256,0.046812,5.6e-05,351,0.00249,0.651174
147,8,5000,256,0.135221,6.7e-05,301,0.002441,0.659512
148,8,5000,256,0.020483,7.8e-05,401,0.002441,0.660841
149,8,5000,256,0.123051,7.3e-05,391,0.002454,0.654308
150,8,5000,256,0.114104,8.6e-05,431,0.00245,0.665398
151,8,5000,256,0.030557,5.2e-05,291,0.002452,0.669845
152,8,5000,256,0.131487,7.2e-05,401,0.00249,0.666372
153,8,5000,256,0.178503,6e-05,341,0.002447,0.646344
154,8,5000,256,0.2354,8.4e-05,411,0.002427,0.630928
155,8,5000,256,0.207916,7.8e-05,431,0.002442,0.651754
156,8,5000,256,0.273425,0.000116,431,0.002504,0.381081
157,8,5000,256,0.452532,0.000145,461,0.002464,0.356596
158,8,5000,256,0.377448,0.000115,411,0.002446,0.367166
159,8,5000,256,0.33372,8.8e-05,350,0.00265,0.389412
160,8,5000,256,0.500596,9.4e-05,421,0.002463,0.330978
161,8,5000,256,0.416426,9.9e-05,311,0.002455,0.363129
162,8,5000,256,0.443099,8.4e-05,331,0.002432,0.377099
163,8,5000,256,0.329299,0.000113,411,0.002596,0.391293
164,8,5000,256,0.412547,0.000137,521,0.002476,0.362756
165,8,5000,256,0.379213,0.000129,371,0.002473,0.39191
166,8,5000,256,0.348212,0.000111,411,0.002491,0.412354
167,8,5000,256,0.317777,0.000129,481,0.002437,0.383097
168,8,5000,256,0.312292,9.5e-05,391,0.002425,0.40985
169,8,5000,256,0.417139,0.00015,451,0.002459,0.376511
170,8,5000,256,0.320747,0.000147,401,0.002468,0.40654
171,8,5000,256,0.277335,0.000122,501,0.002496,0.398642
172,8,5000,256,0.449409,9.2e-05,321,0.002438,0.373598
173,8,5000,256,0.480696,0.000133,381,0.002441,0.337554
174,8,5000,256,0.264587,9.6e-05,371,0.002441,0.412854
175,8,5000,256,0.280725,0.000107,381,0.00258,0.418331
176,8,5000,256,0.401438,0.000106,421,0.002447,0.403116
177,8,5000,256,0.281868,0.000107,341,0.002456,0.435121
178,8,5000,256,0.234924,8.4e-05,321,0.002479,0.421898
179,8,5000,256,0.240265,8.8e-05,331,0.002436,0.431612
180,8,5000,256,0.347227,0.000106,381,0.00245,0.423895
181,8,5000,256,0.234997,7.5e-05,331,0.002444,0.430895
182,8,5000,256,0.301689,0.000111,411,0.002601,0.429989
183,8,5000,256,0.389628,8.3e-05,381,0.002442,0.418683
184,8,5000,256,0.284106,9.8e-05,381,0.002483,0.432328
185,8,5000,256,0.410744,0.000118,451,0.002453,0.423759
186,8,5000,256,0.276595,0.000103,411,0.002486,0.451212
187,8,5000,256,0.314797,0.000127,411,0.002491,0.441881
188,8,5000,256,0.228324,9e-05,371,0.002446,0.451956
189,8,5000,256,0.38409,0.0001,381,0.002441,0.438949
190,8,5000,256,0.309438,0.000118,421,0.002442,0.451672
191,8,5000,256,0.202175,0.000136,431,0.002447,0.461194
192,8,5000,256,0.464137,0.000118,371,0.002489,0.356722
193,8,5000,256,0.211103,0.000108,371,0.002449,0.461447
194,8,5000,256,0.233798,0.000124,481,0.002484,0.460017
195,8,5000,256,0.216353,0.000101,371,0.002473,0.463645
196,8,5000,256,0.336922,0.000105,391,0.002457,0.432851
197,8,5000,256,0.20066,8.2e-05,271,0.0026,0.481081
198,8,5000,256,0.345493,0.000116,381,0.00246,0.459765
199,8,5000,256,0.209935,0.000113,421,0.002488,0.489541
200,8,5000,256,0.192193,6.2e-05,311,0.002466,0.477525
201,8,5000,256,0.381836,8.9e-05,371,0.002437,0.456555
202,8,5000,256,0.401494,0.000107,471,0.002469,0.428375
203,8,5000,256,0.185375,8.7e-05,351,0.002441,0.490162
204,8,5000,256,0.377462,0.000136,461,0.00247,0.472408
205,8,5000,256,0.251287,0.0001,401,0.00244,0.483608
206,8,5000,256,0.188133,6.6e-05,351,0.002479,0.520792
207,8,5000,256,0.407617,0.000155,511,0.002547,0.44548
208,8,5000,256,0.237421,6.5e-05,361,0.002471,0.503684
209,8,5000,256,0.209549,0.000117,441,0.002442,0.532703
210,8,5000,256,0.21575,0.000118,491,0.002453,0.524362
211,8,5000,256,0.161705,6.7e-05,281,0.002573,0.533175
212,8,5000,256,0.300785,8.7e-05,391,0.002457,0.507869
213,8,5000,256,0.241854,0.000125,411,0.00246,0.532121
214,8,5000,256,0.227719,6.7e-05,321,0.002452,0.544792
215,8,5000,256,0.220045,0.00012,481,0.002437,0.53956
216,8,5000,256,0.245012,8.1e-05,351,0.002454,0.541997
217,8,5000,256,0.278623,8e-05,371,0.002455,0.528553
218,8,5000,256,0.208425,0.000112,421,0.002433,0.545377
219,8,5000,256,0.154999,8.6e-05,341,0.002453,0.547148
220,8,5000,256,0.333986,8.6e-05,411,0.002448,0.511738
221,8,5000,256,0.273881,9.2e-05,461,0.002427,0.544674
222,8,5000,256,0.293107,7.5e-05,361,0.002461,0.556497
223,8,5000,256,0.114414,8.1e-05,361,0.002467,0.579596
224,8,5000,256,0.203025,0.000101,451,0.002435,0.568614
225,8,5000,256,0.267972,9.7e-05,451,0.002432,0.54835
226,8,5000,256,0.207175,0.000118,551,0.002453,0.569244
227,8,5000,256,0.324081,0.000106,441,0.002628,0.475638
228,8,5000,256,0.160573,6e-05,321,0.00247,0.593907
229,8,5000,256,0.150472,8.1e-05,401,0.002472,0.608345
230,8,5000,256,0.099105,6.2e-05,291,0.002478,0.602821
231,8,5000,256,0.235069,7.8e-05,381,0.002443,0.586583
232,8,5000,256,0.196156,0.000103,501,0.002463,0.584232
233,8,5000,256,0.062209,8.1e-05,411,0.002475,0.619981
234,8,5000,256,0.076917,9.1e-05,431,0.002445,0.630331
235,8,5000,256,0.215718,7.9e-05,431,0.002446,0.618076
236,8,5000,256,0.080734,7.5e-05,331,0.002475,0.649433
237,8,5000,256,0.096022,7.7e-05,401,0.002595,0.667122
238,8,5000,256,0.105566,9.7e-05,521,0.002482,0.662747
239,8,5000,256,0.086527,0.000101,421,0.002433,0.658829
240,8,5000,256,0.165842,8.6e-05,371,0.002459,0.678427
241,8,5000,256,0.01568,5.5e-05,341,0.002441,0.682863
242,8,5000,256,0.056848,6.7e-05,381,0.002546,0.675267
243,8,5000,256,0.155883,8.3e-05,461,0.002471,0.646451
244,8,5000,256,0.03914,6.9e-05,331,0.002473,0.674885
245,8,5000,256,0.030431,6.6e-05,411,0.002491,0.688336
246,8,5000,256,0.189149,7.3e-05,431,0.00246,0.662855
247,8,5000,256,0.03356,7.8e-05,441,0.002442,0.679892
248,8,5000,256,0.097152,9.2e-05,481,0.002466,0.676719
249,8,5000,256,0.527338,9.5e-05,331,0.00249,0.30187
250,8,5000,256,0.380813,0.000116,381,0.002488,0.401231
251,8,5000,256,0.085165,7.4e-05,381,0.002489,0.674871
252,8,5000,256,0.09596,5.7e-05,361,0.002476,0.679609
253,8,5000,256,0.384119,0.000101,381,0.002467,0.463997
254,8,5000,256,0.202699,0.000108,411,0.002488,0.504147
255,8,5000,256,0.335287,0.000126,461,0.002497,0.39759
256,24,5000,256,0.558415,7.3e-05,411,0.002514,0.721886
257,24,5000,256,1.485478,4.5e-05,281,0.00249,0.177251
258,24,5000,256,1.210317,6.9e-05,321,0.002534,0.222854
259,24,5000,256,1.295406,5.7e-05,381,0.002503,0.006164
260,24,5000,256,1.192738,5.2e-05,321,0.002534,0.100087
261,24,5000,256,1.400254,5.8e-05,351,0.002516,0.017668
262,24,5000,256,1.033594,6.1e-05,371,0.002527,0.235648
263,24,5000,256,0.307592,7.8e-05,461,0.002536,1.014749
264,24,5000,256,1.050528,5.5e-05,351,0.00252,0.258756
265,24,5000,256,1.090314,6.6e-05,381,0.002555,0.234996
266,24,5000,256,0.820416,6.9e-05,311,0.002489,0.479966
267,24,5000,256,1.165002,5.7e-05,381,0.002519,0.156318
268,24,5000,256,1.287688,5.1e-05,331,0.002511,0.231378
269,24,5000,256,1.244985,5.7e-05,281,0.002519,0.037475
270,24,5000,256,1.209253,6.8e-05,291,0.002716,0.076036
271,24,5000,256,1.502071,5.5e-05,301,0.002485,0.127525
272,24,5000,256,0.957191,5.8e-05,331,0.002536,0.307126
273,24,5000,256,1.29923,6.9e-05,321,0.002529,0.100137
274,24,5000,256,1.302582,6.5e-05,351,0.002533,0.0514
275,24,5000,256,1.424325,7.1e-05,401,0.002578,0.116793
276,24,5000,256,1.304112,7e-05,341,0.002521,0.044523
277,24,5000,256,1.150351,6.2e-05,381,0.002506,0.205208
278,24,5000,256,1.053711,7.6e-05,371,0.002516,0.267698
279,24,5000,256,1.445764,6.3e-05,341,0.002486,0.19638
280,24,5000,256,1.038155,8e-05,381,0.002495,0.349041
281,24,5000,256,1.244079,6.7e-05,401,0.002528,0.092291
282,24,5000,256,1.106243,6.3e-05,381,0.002532,0.197119
283,24,5000,256,1.237711,5.6e-05,311,0.002625,0.101813
284,24,5000,256,1.257146,7.8e-05,371,0.002521,0.085317
285,24,5000,256,1.575309,6.1e-05,301,0.00252,0.064131
286,24,5000,256,1.421967,6.4e-05,361,0.002513,0.173749
287,24,5000,256,1.121553,6.4e-05,381,0.002546,0.216853
288,24,5000,256,1.195818,5.6e-05,271,0.002482,0.155466
289,24,5000,256,1.291883,7.9e-05,371,0.002527,0.037654
290,24,5000,256,1.226716,6.2e-05,371,0.002516,0.213044
291,24,5000,256,1.138648,7.5e-05,351,0.00257,0.21734
292,24,5000,256,1.384765,5.5e-05,341,0.002501,0.112214
293,24,5000,256,1.35781,5.4e-05,291,0.002527,0.119267
294,24,5000,256,1.179803,9e-05,391,0.002546,0.236396
295,24,5000,256,1.248652,4.1e-05,301,0.002522,0.051768
296,24,5000,256,1.126632,7.2e-05,421,0.002553,0.220718
297,24,5000,256,1.586026,6.6e-05,301,0.002495,0.067795
298,24,5000,256,1.458469,5.9e-05,311,0.002634,0.08952
299,24,5000,256,1.257038,5.9e-05,351,0.002485,0.099759
300,24,5000,256,1.214339,5.8e-05,301,0.002527,0.12605
301,24,5000,256,1.497306,5.1e-05,301,0.002575,0.076663
302,24,5000,256,1.198334,6.6e-05,381,0.002507,0.199491
303,24,5000,256,1.339096,6e-05,391,0.002485,0.254261
304,24,5000,256,0.986233,6.3e-05,341,0.002668,0.368908
305,24,5000,256,1.207545,7.1e-05,371,0.002658,0.227214
306,24,5000,256,0.509714,7e-05,431,0.002657,0.824427
307,24,5000,256,1.013462,5.1e-05,311,0.002507,0.300943
308,24,5000,256,1.031066,7.7e-05,411,0.002515,0.279279
309,24,5000,256,1.074795,6.6e-05,421,0.002541,0.2142
310,24,5000,256,1.414607,6.9e-05,361,0.002502,0.097871
311,24,5000,256,1.331168,6.5e-05,321,0.002493,0.094218
312,24,5000,256,1.217069,7.6e-05,341,0.002532,0.119081
313,24,5000,256,1.179088,4.9e-05,301,0.002541,0.114901
314,24,5000,256,1.155944,6.6e-05,331,0.002527,0.142419
315,24,5000,256,0.953768,7e-05,411,0.002518,0.311595
316,24,5000,256,1.283975,6.6e-05,321,0.002495,0.08599
317,24,5000,256,1.241296,7.8e-05,381,0.002543,0.099911
318,24,5000,256,1.174073,5.7e-05,391,0.00253,0.158239
319,24,5000,256,1.090712,8.6e-05,451,0.002504,0.26335
320,24,5000,256,0.950199,7.6e-05,371,0.002485,0.349414
321,24,5000,256,1.257086,6.9e-05,351,0.002536,0.045315
322,24,5000,256,1.145417,6.6e-05,341,0.002518,0.210923
323,24,5000,256,1.138063,8.1e-05,381,0.002556,0.217396
324,24,5000,256,1.279172,7e-05,401,0.00262,0.077775
325,24,5000,256,1.358848,8.3e-05,401,0.002521,0.115807
326,24,5000,256,1.430192,6.7e-05,401,0.002507,0.055272
327,24,5000,256,1.242459,5.4e-05,371,0.002516,0.100868
328,24,5000,256,1.112998,8.6e-05,421,0.00249,0.390923
329,24,5000,256,0.673229,7.3e-05,371,0.00253,0.670089
330,24,5000,256,1.262115,6.6e-05,381,0.002525,0.093076
331,24,5000,256,1.264485,7.8e-05,371,0.002524,0.16454
332,24,5000,256,1.251674,7.5e-05,411,0.002731,0.097209
333,24,5000,256,1.250123,6.3e-05,361,0.002514,0.103298
334,24,5000,256,1.202819,6.5e-05,361,0.002496,0.099718
335,24,5000,256,1.037307,6.9e-05,371,0.00252,0.268122
336,24,5000,256,1.059664,7.2e-05,411,0.002502,0.297871
337,24,5000,256,1.239139,6.5e-05,351,0.00259,0.079131
338,24,5000,256,1.241793,7.8e-05,331,0.002504,0.057646
339,24,5000,256,1.361703,6e-05,371,0.002501,0.306592
340,24,5000,256,1.448244,7.4e-05,411,0.002506,0.109906
341,24,5000,256,1.429782,7.5e-05,411,0.002522,0.114599
342,24,5000,256,1.110456,8.3e-05,391,0.002534,0.159971
343,24,5000,256,1.234064,8.2e-05,411,0.00252,0.037394
344,24,5000,256,1.112078,9.6e-05,441,0.002531,0.198603
345,24,5000,256,1.284826,5.5e-05,341,0.002622,0.060523
346,24,5000,256,1.056971,6.7e-05,331,0.005312,0.349825
347,24,5000,256,1.364857,6.8e-05,351,0.002517,0.057877
348,24,5000,256,1.043272,8.6e-05,451,0.002669,0.225943
349,24,5000,256,1.123009,8.2e-05,381,0.002498,0.234059
350,24,5000,256,1.202129,5.8e-05,351,0.002518,0.110555
351,24,5000,256,1.200023,8.4e-05,451,0.002488,0.236177
352,24,5000,256,1.167809,6.4e-05,381,0.002564,0.215695
353,24,5000,256,1.544076,7.3e-05,381,0.002538,0.108847
354,24,5000,256,1.290161,5.9e-05,281,0.002519,0.07671
355,24,5000,256,1.243552,6.8e-05,381,0.002577,0.037839
356,24,5000,256,1.315455,5.5e-05,331,0.00269,0.044094
357,24,5000,256,1.59287,6.8e-05,381,0.002509,0.111102
358,24,5000,256,1.285671,6.4e-05,361,0.002613,0.079427
359,24,5000,256,1.235253,6.9e-05,391,0.00254,0.090083
360,24,5000,256,1.183225,5.2e-05,321,0.002636,0.107174
361,24,5000,256,1.370762,8.7e-05,451,0.002516,0.114383
362,24,5000,256,1.176208,6.6e-05,381,0.00254,0.226619
363,24,5000,256,1.242247,6.8e-05,361,0.002516,0.066279
364,24,5000,256,1.255702,6.1e-05,401,0.002564,0.102209
365,24,5000,256,0.882946,9.5e-05,421,0.002499,0.45445
366,24,5000,256,1.278402,6.3e-05,331,0.002515,0.19566
367,24,5000,256,1.008513,9.4e-05,461,0.002529,0.335534
368,24,5000,256,1.443425,5.2e-05,411,0.002508,0.047134
369,24,5000,256,1.269592,0.000103,521,0.002524,0.156698
370,24,5000,256,1.428695,8e-05,381,0.002507,0.126708
371,24,5000,256,1.27467,6.9e-05,351,0.00252,0.048854
372,24,5000,256,1.151132,9.5e-05,461,0.002508,0.18409
373,24,5000,256,1.152486,7.4e-05,421,0.002538,0.14196
374,24,5000,256,1.317814,7.4e-05,381,0.002515,0.0349
375,24,5000,256,1.253244,6.3e-05,371,0.002573,0.039075
376,24,5000,256,1.445071,7.9e-05,381,0.002527,0.088731
377,24,5000,256,1.186577,5.5e-05,391,0.002502,0.088927
378,24,5000,256,1.224207,6.2e-05,401,0.002624,0.106736
379,24,5000,256,1.00898,0.000105,521,0.002525,0.302017
380,24,5000,256,1.291065,8e-05,431,0.002488,0.026876
381,24,5000,256,1.192144,5.6e-05,331,0.002491,0.118267
382,24,5000,256,1.240965,8.1e-05,401,0.002522,0.075086
383,24,5000,256,1.378875,7.7e-05,431,0.002501,0.079489
384,24,5000,256,1.276709,9.4e-05,431,0.013129,0.094164
385,24,5000,256,1.519856,8.7e-05,441,0.002582,0.049548
386,24,5000,256,1.277346,5.3e-05,371,0.002482,0.101632
387,24,5000,256,1.277261,9.4e-05,471,0.00257,0.198096
388,24,5000,256,1.240957,6.3e-05,381,0.002533,0.111388
389,24,5000,256,1.120286,6.5e-05,411,0.002564,0.237037
390,24,5000,256,1.261495,7.5e-05,411,0.002605,0.040607
391,24,5000,256,1.420803,7.4e-05,401,0.002519,0.117081
392,24,5000,256,1.321972,7.7e-05,341,0.002519,0.02836
393,24,5000,256,1.314931,8.8e-05,421,0.002525,0.026561
394,24,5000,256,1.030755,7.4e-05,401,0.00308,0.304258
395,24,5000,256,1.408049,8.4e-05,361,0.002643,0.10346
396,24,5000,256,1.225069,7.8e-05,431,0.002556,0.101467
397,24,5000,256,1.213582,7.6e-05,401,0.002512,0.157503
398,24,5000,256,1.210963,8.1e-05,451,0.002566,0.060706
399,24,5000,256,1.385902,8.1e-05,411,0.002546,0.064095
400,24,5000,256,1.266216,7e-05,411,0.003507,0.097606
401,24,5000,256,1.578939,0.000118,401,0.002517,0.099801
402,24,5000,256,1.156181,7e-05,361,0.002492,0.154482
403,24,5000,256,1.22746,7.6e-05,441,0.002506,0.097168
404,24,5000,256,1.498369,7.5e-05,341,0.002496,0.117696
405,24,5000,256,1.433869,7.4e-05,351,0.00261,0.11871
406,24,5000,256,1.477351,6.9e-05,471,0.00249,0.017133
407,24,5000,256,1.54349,6.7e-05,361,0.002501,0.04975
408,24,5000,256,1.479233,9.4e-05,451,0.002514,0.17205
409,24,5000,256,1.258223,9.1e-05,471,0.002527,0.038254
410,24,5000,256,1.196457,7.5e-05,411,0.0025,0.091064
411,24,5000,256,1.354195,8.3e-05,411,0.002532,0.039935
412,24,5000,256,1.334524,7.1e-05,421,0.002543,0.095507
413,24,5000,256,1.208651,9e-05,441,0.002506,0.134021
414,24,5000,256,1.402327,5.7e-05,351,0.00251,0.049532
415,24,5000,256,1.524327,7.8e-05,411,0.002544,0.115944
416,24,5000,256,1.182766,0.000106,481,0.002631,0.227886
417,24,5000,256,1.197176,6e-05,371,0.00253,0.092193
418,24,5000,256,1.319207,6.2e-05,381,0.003124,0.054441
419,24,5000,256,1.314657,0.000109,481,0.002599,0.054389
420,24,5000,256,0.844553,7.1e-05,421,0.002493,0.472827
421,24,5000,256,1.31871,8.7e-05,491,0.002489,0.050911
422,24,5000,256,1.334967,7.6e-05,451,0.002525,0.056787
423,24,5000,256,1.270559,8.2e-05,421,0.00249,0.055193
424,24,5000,256,1.115937,6.8e-05,371,0.002538,0.197361
425,24,5000,256,1.154675,0.000101,491,0.002576,0.214281
426,24,5000,256,1.208261,7.7e-05,381,0.002602,0.103561
427,24,5000,256,1.231158,0.0001,471,0.002499,0.099089
428,24,5000,256,1.270694,6.9e-05,381,0.002612,0.049058
429,24,5000,256,1.307714,8.9e-05,501,0.002549,0.022613
430,24,5000,256,1.077546,7.5e-05,411,0.002593,0.199693
431,24,5000,256,1.187145,7.4e-05,391,0.00255,0.130101
432,24,5000,256,1.241865,8.6e-05,431,0.002508,0.123483
433,24,5000,256,1.465303,6.8e-05,401,0.002551,0.129374
434,24,5000,256,1.193367,6.4e-05,321,0.002589,0.139529
435,24,5000,256,1.016381,7.9e-05,391,0.002535,0.312886
436,24,5000,256,1.208286,9.1e-05,511,0.002511,0.10138
437,24,5000,256,1.445646,6.7e-05,351,0.005216,0.119931
438,24,5000,256,1.231954,6.4e-05,411,0.002533,0.130838
439,24,5000,256,1.363294,9.7e-05,501,0.002584,0.005427
440,24,5000,256,1.21345,8.5e-05,461,0.002621,0.11475
441,24,5000,256,0.859564,9.8e-05,501,0.00252,0.480771
442,24,5000,256,1.070792,9.9e-05,411,0.003258,0.311146
443,24,5000,256,1.280705,0.0001,461,0.002494,0.05156
444,24,5000,256,1.286732,6.1e-05,411,0.002501,0.083634
445,24,5000,256,1.26063,7.7e-05,451,0.002484,0.110993
446,24,5000,256,1.296402,8.2e-05,461,0.00251,0.005913
447,24,5000,256,1.230149,6.7e-05,421,0.00263,0.051485
448,24,5000,256,1.303451,7.2e-05,391,0.002641,0.043412
449,24,5000,256,1.238513,7.2e-05,461,0.002575,0.107225
450,24,5000,256,1.174224,7.7e-05,481,0.002653,0.099908
451,24,5000,256,1.389533,7.9e-05,361,0.002583,0.045786
452,24,5000,256,1.293566,0.000107,511,0.002508,0.02975
453,24,5000,256,1.211778,5.4e-05,331,0.002509,0.099204
454,24,5000,256,1.236191,0.000105,521,0.002689,0.061131
455,24,5000,256,1.28566,8.2e-05,421,0.002523,0.046725
456,24,5000,256,1.328601,0.000108,481,0.002516,0.068722
457,24,5000,256,1.519466,7.7e-05,481,0.002519,0.058296
458,24,5000,256,1.306682,7.9e-05,411,0.002501,0.03779
459,24,5000,256,1.207216,7.6e-05,451,0.002516,0.066256
460,24,5000,256,1.26984,9.3e-05,511,0.002554,0.005254
461,24,5000,256,1.267344,9.3e-05,401,0.002529,0.046891
462,24,5000,256,1.213636,0.000102,491,0.002543,0.07195
463,24,5000,256,1.211576,9.4e-05,511,0.00249,0.143632
464,24,5000,256,1.25785,8.1e-05,431,0.002517,0.025682
465,24,5000,256,1.592468,9.2e-05,461,0.002769,0.076915
466,24,5000,256,1.283069,8.9e-05,531,0.002512,0.033318
467,24,5000,256,1.29291,8.8e-05,421,0.002532,0.104002
468,24,5000,256,1.246655,9.1e-05,441,0.002517,0.023063
469,24,5000,256,1.533579,7.4e-05,421,0.002587,0.050688
470,24,5000,256,1.178352,8.3e-05,461,0.002536,0.100496
471,24,5000,256,1.092031,8.3e-05,381,0.002488,0.352861
472,24,5000,256,1.198474,0.000115,501,0.002532,0.124852
473,24,5000,256,1.458801,5.2e-05,371,0.002512,0.095074
474,24,5000,256,1.256061,5.9e-05,381,0.002481,0.073832
475,24,5000,256,1.187765,6.6e-05,381,0.00252,0.113069
476,24,5000,256,1.225462,8.3e-05,431,0.002508,0.15055
477,24,5000,256,1.372308,8.6e-05,431,0.002507,0.108027
478,24,5000,256,1.218468,0.000102,511,0.002502,0.112908
479,24,5000,256,1.441053,7.9e-05,431,0.00251,0.053767
480,24,5000,256,1.309579,9e-05,421,0.002524,0.100156
481,24,5000,256,1.431225,8.8e-05,441,0.002505,0.049829
482,24,5000,256,1.221953,7.3e-05,371,0.002495,0.238129
483,24,5000,256,1.464501,7.4e-05,421,0.00248,0.105069
484,24,5000,256,1.004695,7.9e-05,481,0.002534,0.361057
485,24,5000,256,1.109301,7.8e-05,391,0.002494,0.341633
486,24,5000,256,1.255107,7e-05,391,0.002551,0.221959
487,24,5000,256,1.338383,7.5e-05,411,0.002487,0.017905
488,24,5000,256,1.590581,0.000102,451,0.002496,0.049275
489,24,5000,256,1.373765,7.8e-05,461,0.002496,0.098788
490,24,5000,256,1.085562,0.000105,431,0.00253,0.234591
491,24,5000,256,1.601826,8.3e-05,401,0.002492,0.053277
492,24,5000,256,1.676856,0.000104,511,0.002504,0.037539
493,24,5000,256,1.367529,7.4e-05,441,0.002535,0.06054
494,24,5000,256,1.24559,0.000113,461,0.002506,0.07746
495,24,5000,256,1.368125,7.9e-05,481,0.002522,0.042173
496,24,5000,256,1.293022,7.9e-05,441,0.0025,0.072821
497,24,5000,256,1.401503,7.2e-05,431,0.002631,0.074222
498,24,5000,256,1.122458,8e-05,461,0.002613,0.269815
499,24,5000,256,1.108977,6.4e-05,391,0.002493,0.481091
500,24,5000,256,1.288377,0.000105,521,0.002494,0.054949
501,24,5000,256,1.199665,7.9e-05,401,0.00259,0.234712
502,24,5000,256,0.900396,8.6e-05,501,0.002512,0.487159
503,24,5000,256,1.427247,7.3e-05,401,0.00252,0.064697
504,24,5000,256,1.387976,8.6e-05,431,0.0025,0.042117
505,24,5000,256,1.454349,9.9e-05,551,0.002558,0.118059
506,24,5000,256,1.605393,9.1e-05,521,0.002503,0.063643
507,24,5000,256,1.247721,7.7e-05,441,0.002501,0.071393
508,24,5000,256,1.426142,9.6e-05,511,0.002499,0.109956
509,24,5000,256,1.364926,9.2e-05,511,0.00257,0.110203
510,24,5000,256,1.487096,8.9e-05,501,0.002498,0.111532
511,24,5000,256,1.381578,5.9e-05,350,0.002689,0.249088
0,4,15000,256,0.5482,0.000275,1090,0.192064,0.256626
1,4,15000,256,0.338713,0.000236,1018,0.024677,0.259775
2,4,15000,256,0.51383,0.000242,1000,0.130626,0.289024
3,4,15000,256,0.402908,0.000235,1072,0.240177,0.401385
4,4,15000,256,0.527551,0.000232,1045,0.159417,0.317636
5,4,15000,256,0.259731,0.000247,1009,0.104927,0.267601
6,4,15000,256,0.520931,0.034341,1081,0.120606,0.264149
7,4,15000,256,0.526057,0.000266,1018,0.148345,0.267588
8,4,15000,256,0.550465,0.00025,982,0.106579,0.269523
9,4,15000,256,0.524431,0.000232,1054,0.244071,0.28724
10,4,15000,256,0.586201,0.000324,1234,0.249707,0.275315
11,4,15000,256,0.768182,0.000246,1162,0.01566,0.293777
12,4,15000,256,0.586764,0.000265,1045,0.206642,0.28333
13,4,15000,256,0.321821,0.000217,1099,0.045934,0.281928
14,4,15000,256,0.512394,0.00024,1063,0.236124,0.295997
15,4,15000,256,0.575515,0.000266,1063,0.213934,0.292251
16,4,15000,256,0.489635,0.000223,1117,0.272311,0.290104
17,4,15000,256,0.519251,0.000249,1072,0.221336,0.299462
18,4,15000,256,0.573901,0.000262,1180,0.248056,0.298657
19,4,15000,256,0.512905,0.000237,1153,0.139428,0.307057
20,4,15000,256,0.567887,0.000236,1054,0.276362,0.310348
21,4,15000,256,0.563206,0.000208,919,0.241186,0.313226
22,4,15000,256,0.487269,0.000235,1036,0.226614,0.315814
23,4,15000,256,0.493783,0.000287,1090,0.149389,0.317256
24,4,15000,256,0.507415,0.000212,946,0.256417,0.31879
25,4,15000,256,0.50034,0.000243,1180,0.110191,0.321646
26,4,15000,256,0.50275,0.000238,1000,0.109329,0.322386
27,4,15000,256,0.469534,0.000274,1243,0.207611,0.318041
28,4,15000,256,0.212477,0.000259,1045,0.102701,0.321972
29,4,15000,256,0.465762,0.00026,1054,0.237542,0.331192
30,4,15000,256,0.492403,0.00022,1018,0.234193,0.328899
31,4,15000,256,0.45976,0.044244,1000,0.185238,0.330226
32,4,15000,256,0.235419,0.000247,1027,0.095747,0.350214
33,4,15000,256,0.241469,0.000246,1108,0.118641,0.36185
34,4,15000,256,0.469763,0.000242,1126,0.135842,0.353596
35,4,15000,256,0.451395,0.000262,1198,0.18569,0.360887
36,4,15000,256,0.463596,0.000246,1018,0.219479,0.357314
37,4,15000,256,0.528031,0.000247,1162,0.046256,0.360414
38,4,15000,256,0.442089,0.000226,1072,0.269434,0.351184
39,4,15000,256,0.432063,0.00019,937,0.183643,0.36312
40,4,15000,256,0.524707,0.000274,1162,0.205597,0.357079
41,4,15000,256,0.188589,0.000246,1009,0.101479,0.358076
42,4,15000,256,0.452419,0.00021,1063,0.186195,0.360569
43,4,15000,256,0.292062,0.000263,1153,0.035722,0.363114
44,4,15000,256,0.464732,0.000201,1099,0.210361,0.368349
45,4,15000,256,0.492539,0.000251,1063,0.096275,0.366823
46,4,15000,256,0.456201,0.000252,1018,0.208063,0.365571
47,4,15000,256,0.482903,0.000242,1108,0.14851,0.367538
48,4,15000,256,0.430809,0.000232,982,0.204607,0.373666
49,4,15000,256,0.240103,0.000214,1036,0.015856,0.371881
50,4,15000,256,0.446572,0.00024,1090,0.155145,0.379644
51,4,15000,256,0.201046,0.000206,1045,0.135027,0.387814
52,4,15000,256,0.488182,0.000225,1027,0.214407,0.387637
53,4,15000,256,0.435771,0.000215,1090,0.234999,0.385402
54,4,15000,256,0.402415,0.000232,1054,0.132972,0.396934
55,4,15000,256,0.497816,0.000218,1081,0.221525,0.399023
56,4,15000,256,0.685114,0.000245,1081,0.015715,0.391534
57,4,15000,256,0.300725,0.000253,1135,0.024755,0.40021
58,4,15000,256,0.225068,0.000243,1090,0.015491,0.399335
59,4,15000,256,0.447131,0.00024,1036,0.082279,0.406649
60,4,15000,256,0.408426,0.000239,1117,0.226149,0.401205
61,4,15000,256,0.48208,0.000236,1180,0.074404,0.399522
62,4,15000,256,0.408736,0.000247,1018,0.161192,0.407097
63,4,15000,256,0.419226,0.000192,1000,0.189835,0.414514
64,4,15000,256,0.174835,0.1036,1045,0.024505,0.410262
65,4,15000,256,0.405844,0.000216,1081,0.226504,0.412469
66,4,15000,256,0.396429,0.000209,937,0.25401,0.419521
67,4,15000,256,0.362266,0.000246,1045,0.167849,0.429986
68,4,15000,256,0.408205,0.000239,1108,0.120429,0.418821
69,4,15000,256,0.559982,0.000215,1009,0.174374,0.425793
70,4,15000,256,0.184963,0.000246,1117,0.04197,0.428596
71,4,15000,256,0.338317,0.000209,982,0.229603,0.448413
72,4,15000,256,0.384824,0.000236,1117,0.248086,0.436132
73,4,15000,256,0.399267,0.000241,1108,0.226332,0.449792
74,4,15000,256,0.363765,0.000201,955,0.174637,0.452439
75,4,15000,256,0.443389,0.000258,1081,0.231045,0.444989
76,4,15000,256,0.36745,0.000209,1198,0.265034,0.448764
77,4,15000,256,0.362339,0.000245,1099,0.199431,0.462606
78,4,15000,256,0.366013,0.000195,973,0.19814,0.46892
79,4,15000,256,0.364132,0.000247,1090,0.237152,0.454888
80,4,15000,256,0.42941,0.000218,1090,0.218118,0.464331
81,4,15000,256,0.335006,0.000208,991,0.286077,0.459561
82,4,15000,256,0.411721,0.000202,1063,0.075943,0.46225
83,4,15000,256,0.428798,0.000215,1000,0.208272,0.475964
84,4,15000,256,0.384074,0.000191,1045,0.217503,0.471002
85,4,15000,256,0.511364,0.000226,982,0.034129,0.404668
86,4,15000,256,0.28155,0.00023,1009,0.024967,0.396089
87,4,15000,256,0.440277,0.000237,1144,0.081218,0.41962
88,4,15000,256,0.238966,0.000207,937,0.015738,0.418077
89,4,15000,256,0.400226,0.000231,1045,0.228987,0.421764
90,4,15000,256,0.399902,0.000238,1054,0.254918,0.425757
91,4,15000,256,0.38462,0.000197,1054,0.214117,0.436124
92,4,15000,256,0.44974,0.000227,1045,0.242508,0.430274
93,4,15000,256,0.107706,0.000229,1099,0.112433,0.427585
94,4,15000,256,0.48506,0.000192,1000,0.193895,0.435272
95,4,15000,256,0.457638,0.00024,1153,0.272849,0.438781
96,4,15000,256,0.367642,0.00024,1081,0.264519,0.448676
97,4,15000,256,0.373368,0.000209,1063,0.191485,0.462459
98,4,15000,256,0.429788,0.000203,1063,0.256438,0.452704
99,4,15000,256,0.38406,0.000183,991,0.116332,0.459993
100,4,15000,256,0.349732,0.000222,1117,0.253911,0.463207
101,4,15000,256,0.613145,0.000246,1117,0.015726,0.471339
102,4,15000,256,0.335678,0.000229,1090,0.146096,0.476491
103,4,15000,256,0.41916,0.000234,991,0.230691,0.471181
104,4,15000,256,0.344632,0.000232,1108,0.244201,0.485428
105,4,15000,256,0.16637,0.000234,1108,0.015472,0.483596
106,4,15000,256,0.340099,0.000177,1045,0.236541,0.490978
107,4,15000,256,0.348422,0.000237,1054,0.245311,0.485982
108,4,15000,256,0.342387,0.000263,1171,0.199988,0.491537
109,4,15000,256,0.138804,0.000184,1108,0.044827,0.487664
110,4,15000,256,0.352066,0.000221,1126,0.127386,0.491862
111,4,15000,256,0.658992,0.000212,1054,0.029852,0.485754
112,4,15000,256,0.291017,0.0002,1171,0.269623,0.499948
113,4,15000,256,0.317046,0.000257,1117,0.195044,0.503805
114,4,15000,256,0.341396,0.00022,1108,0.177576,0.498072
115,4,15000,256,0.214486,0.000211,1000,0.015436,0.505209
116,4,15000,256,0.346205,0.00024,1171,0.138231,0.503831
117,4,15000,256,0.315671,0.00021,1126,0.217966,0.505495
118,4,15000,256,0.341544,0.000246,1279,0.210447,0.496604
119,4,15000,256,0.404238,0.000196,937,0.038098,0.504438
120,4,15000,256,0.33747,0.000202,991,0.162683,0.497032
121,4,15000,256,0.304876,0.000203,973,0.221863,0.513451
122,4,15000,256,0.307204,0.000212,1027,0.166978,0.501148
123,4,15000,256,0.380098,0.000191,1027,0.264357,0.509421
124,4,15000,256,0.082288,0.000217,1099,0.07336,0.501006
125,4,15000,256,0.093829,0.000221,1099,0.053046,0.514068
126,4,15000,256,0.391738,0.000174,955,0.264484,0.519934
127,4,15000,256,0.299436,0.000214,1117,0.198731,0.515945
128,4,15000,256,0.318668,0.000218,1054,0.128227,0.524515
129,4,15000,256,0.407691,0.000194,1072,0.253057,0.509901
130,4,15000,256,0.328326,0.000261,1234,0.226648,0.510783
131,4,15000,256,0.30788,0.00023,1198,0.174053,0.512397
132,4,15000,256,0.397851,0.000217,1063,0.249569,0.523958
133,4,15000,256,0.291083,0.00017,991,0.254182,0.524927
134,4,15000,256,0.354178,0.000229,1153,0.103371,0.52987
135,4,15000,256,0.367254,0.00021,1135,0.237514,0.529081
136,4,15000,256,0.07903,0.000208,1117,0.048842,0.520648
137,4,15000,256,0.289262,0.000196,982,0.250575,0.531379
138,4,15000,256,0.567479,0.000206,1009,0.015647,0.52231
139,4,15000,256,0.359662,0.000173,982,0.249456,0.533027
140,4,15000,256,0.312461,0.000192,1009,0.210889,0.525938
141,4,15000,256,0.287588,0.000243,1045,0.242975,0.525554
142,4,15000,256,0.162944,0.000194,1009,0.057279,0.526063
143,4,15000,256,0.269919,0.00019,910,0.240777,0.538844
144,4,15000,256,0.184859,0.00017,991,0.026291,0.526618
145,4,15000,256,0.082156,0.000214,1027,0.0588,0.53372
146,4,15000,256,0.384385,0.000189,991,0.228627,0.539185
147,4,15000,256,0.293466,0.000196,982,0.16139,0.529045
148,4,15000,256,0.103065,0.000198,1027,0.015777,0.529498
149,4,15000,256,0.400198,0.000197,1090,0.190069,0.527675
150,4,15000,256,0.31227,0.000196,1126,0.251057,0.534599
151,4,15000,256,0.263416,0.000213,1090,0.238344,0.534861
152,4,15000,256,0.541602,0.000235,1009,0.210454,0.247408
153,4,15000,256,0.604863,0.000236,1081,0.088158,0.257496
154,4,15000,256,0.501711,0.000282,1036,0.154309,0.265445
155,4,15000,256,0.5534,0.000237,1017,0.22792,0.265532
156,4,15000,256,0.575647,0.000226,1072,0.224299,0.250803
157,4,15000,256,0.578027,0.000257,1090,0.104271,0.273701
158,4,15000,256,0.543773,0.000257,1099,0.24054,0.269339
159,4,15000,256,0.541277,0.000278,973,0.252296,0.263337
160,4,15000,256,0.58664,0.000219,1000,0.265828,0.273485
161,4,15000,256,0.389544,0.000231,1099,0.056678,0.265829
162,4,15000,256,0.532761,0.000301,1198,0.166454,0.260044
163,4,15000,256,0.310321,0.000258,1135,0.065851,0.261274
164,4,15000,256,0.506435,0.000253,1144,0.243081,0.263284
165,4,15000,256,0.555101,0.000275,1162,0.208726,0.265983
166,4,15000,256,0.389977,0.000252,1081,0.015483,0.271756
167,4,15000,256,0.535099,0.000253,1054,0.227327,0.272378
168,4,15000,256,0.54667,0.000263,964,0.209516,0.27144
169,4,15000,256,0.40177,0.000249,1171,0.016053,0.286559
170,4,15000,256,0.372853,0.000236,982,0.049806,0.278913
171,4,15000,256,0.550049,0.00021,1045,0.103271,0.285532
172,4,15000,256,0.532656,0.000283,1144,0.219221,0.290951
173,4,15000,256,0.245933,0.000229,1045,0.11404,0.288074
174,4,15000,256,0.525487,0.000228,955,0.18128,0.289328
175,4,15000,256,0.515969,0.000264,1063,0.238591,0.295429
176,4,15000,256,0.503379,0.000269,1045,0.258949,0.297581
177,4,15000,256,0.372303,0.000247,1090,0.029058,0.308025
178,4,15000,256,0.265929,0.00027,1189,0.089511,0.292068
179,4,15000,256,0.57476,0.000279,1252,0.237307,0.300915
180,4,15000,256,0.53879,0.000256,1099,0.168237,0.300675
181,4,15000,256,0.498528,0.000235,1108,0.148675,0.314175
182,4,15000,256,0.479737,0.000227,1126,0.252046,0.312108
183,4,15000,256,0.490283,0.000291,1153,0.161876,0.304888
184,4,15000,256,0.492245,0.00026,1063,0.220851,0.313352
185,4,15000,256,0.481416,0.000272,973,0.226759,0.317308
186,4,15000,256,0.632642,0.000239,973,0.140859,0.322859
187,4,15000,256,0.552708,0.000271,1144,0.256048,0.315259
188,4,15000,256,0.510657,0.000249,1108,0.222523,0.320118
189,4,15000,256,0.542648,0.000255,1081,0.107965,0.323771
190,4,15000,256,0.470866,0.000248,1009,0.211073,0.326724
191,4,15000,256,0.481697,0.000243,1018,0.227275,0.344027
192,4,15000,256,0.531212,0.000264,1063,0.105404,0.336665
193,4,15000,256,0.494334,0.000238,1045,0.138327,0.332625
194,4,15000,256,0.272884,0.000285,1270,0.031181,0.331676
195,4,15000,256,0.270918,0.000251,1117,0.068737,0.332795
196,4,15000,256,0.327682,0.000239,1045,0.029936,0.3356
197,4,15000,256,0.561923,0.000237,1207,0.033516,0.336551
198,4,15000,256,0.457633,0.000244,1027,0.208493,0.337916
199,4,15000,256,0.505001,0.000226,1081,0.116448,0.350637
200,4,15000,256,0.516339,0.000229,1018,0.080833,0.357322
201,4,15000,256,0.488488,0.000202,919,0.119672,0.351433
202,4,15000,256,0.308207,0.000224,1018,0.042786,0.367382
203,4,15000,256,0.350441,0.000257,1036,0.015628,0.358819
204,4,15000,256,0.454216,0.0002,973,0.215351,0.358606
205,4,15000,256,0.21247,0.000196,982,0.128119,0.36062
206,4,15000,256,0.41084,0.00025,1099,0.259428,0.370997
207,4,15000,256,0.47145,0.00022,1009,0.137505,0.362429
208,4,15000,256,0.174546,0.000235,1108,0.088453,0.370601
209,4,15000,256,0.431766,0.000239,1108,0.213182,0.371963
210,4,15000,256,0.512347,0.000228,1009,0.264049,0.368637
211,4,15000,256,0.236135,0.000257,1081,0.015508,0.381591
212,4,15000,256,0.500972,0.000234,1045,0.252526,0.372918
213,4,15000,256,0.393643,0.000234,1018,0.161828,0.387699
214,4,15000,256,0.410937,0.000221,1063,0.134303,0.387074
215,4,15000,256,0.522213,0.000207,1090,0.046071,0.377164
216,4,15000,256,0.435577,0.000219,964,0.188428,0.397644
217,4,15000,256,0.197467,0.000245,1108,0.07054,0.380898
218,4,15000,256,0.408932,0.000248,1108,0.211752,0.398167
219,4,15000,256,0.168466,0.00023,1090,0.06659,0.39258
220,4,15000,256,0.141715,0.000233,1018,0.091044,0.408504
221,4,15000,256,0.44469,0.000207,1027,0.10222,0.401437
222,4,15000,256,0.411879,0.000276,1162,0.187629,0.409021
223,4,15000,256,0.506075,0.000266,1144,0.229912,0.40612
224,4,15000,256,0.17624,0.00022,1045,0.09221,0.416432
225,4,15000,256,0.131494,0.000252,1045,0.095943,0.407904
226,4,15000,256,0.429666,0.000201,1027,0.237533,0.41279
227,4,15000,256,0.405591,0.000238,1072,0.206902,0.429142
228,4,15000,256,0.164125,0.000249,1063,0.051705,0.437525
229,4,15000,256,0.38198,0.000233,1153,0.144246,0.440948
230,4,15000,256,0.407138,0.000241,1072,0.243124,0.431444
231,4,15000,256,0.454724,0.000257,1198,0.255782,0.442256
232,4,15000,256,0.358552,0.000208,1018,0.248462,0.449992
233,4,15000,256,0.388512,0.000252,1018,0.16972,0.456308
234,4,15000,256,0.144272,0.00023,991,0.069611,0.446362
235,4,15000,256,0.62296,0.000245,1108,0.015398,0.461648
236,4,15000,256,0.427382,0.000225,1108,0.228327,0.463899
237,4,15000,256,0.366555,0.000237,1180,0.169721,0.451306
238,4,15000,256,0.09235,0.000201,901,0.088096,0.475139
239,4,15000,256,0.079003,0.000203,1072,0.112958,0.480487
240,4,15000,256,0.662882,0.000229,1144,0.06115,0.478236
241,4,15000,256,0.436667,0.000204,1099,0.078097,0.473068
242,4,15000,256,0.336598,0.00019,1018,0.231996,0.480381
243,4,15000,256,0.344107,0.00024,1099,0.205729,0.489557
244,4,15000,256,0.397825,0.000228,1036,0.264212,0.496877
245,4,15000,256,0.316647,0.00021,1000,0.205364,0.503753
246,4,15000,256,0.30909,0.000211,1099,0.155355,0.509549
247,4,15000,256,0.06412,0.000167,919,0.10825,0.496618
248,4,15000,256,0.323853,0.000191,1045,0.226515,0.516966
249,4,15000,256,0.286413,0.00018,1072,0.138326,0.542279
250,4,15000,256,0.300208,0.00017,1009,0.235147,0.528864
251,4,15000,256,0.172514,0.000162,937,0.015583,0.536789
252,4,15000,256,0.140586,0.000171,1000,0.016078,0.534905
253,4,15000,256,0.346399,0.000184,919,0.261684,0.546355
254,4,15000,256,0.063311,0.000187,937,0.07187,0.539331
255,4,15000,256,0.410592,0.000243,1099,0.248807,0.48768
256,8,15000,256,0.301211,0.00027,1108,0.205363,0.312516
257,8,15000,256,0.199941,0.000239,1081,0.187043,0.424307
258,8,15000,256,0.216539,0.000261,1018,0.245871,0.413275
259,8,15000,256,0.19452,0.000226,1018,0.177833,0.389572
260,8,15000,256,0.158292,0.000257,964,0.300994,0.396409
261,8,15000,256,0.186679,0.000223,1108,0.183546,0.374837
262,8,15000,256,0.263323,0.000229,1045,0.302267,0.345282
263,8,15000,256,0.166367,0.000229,1054,0.299436,0.398297
264,8,15000,256,0.286371,0.000239,1099,0.182877,0.261757
265,8,15000,256,0.399618,0.000217,1090,0.150153,0.268359
266,8,15000,256,0.346367,0.00023,1018,0.158105,0.269815
267,8,15000,256,0.292573,0.000278,1144,0.247953,0.272444
268,8,15000,256,0.415384,0.000238,1081,0.081751,0.274063
269,8,15000,256,0.676379,0.000237,1009,0.015604,0.282297
270,8,15000,256,0.315549,0.000254,1162,0.144087,0.291862
271,8,15000,256,0.267707,0.000242,1045,0.327286,0.293076
272,8,15000,256,0.289648,0.000243,1045,0.199234,0.293404
273,8,15000,256,0.312608,0.000282,1099,0.265226,0.293476
274,8,15000,256,0.279633,0.000272,1117,0.152413,0.300988
275,8,15000,256,0.249351,0.000232,1072,0.29772,0.30902
276,8,15000,256,0.241184,0.000258,1090,0.319012,0.309049
277,8,15000,256,0.248371,0.000284,1189,0.265125,0.307235
278,8,15000,256,0.260185,0.00025,1252,0.150897,0.313871
279,8,15000,256,0.612152,0.000258,1054,0.061354,0.317658
280,8,15000,256,0.61915,0.000193,919,0.031102,0.329027
281,8,15000,256,0.285175,0.000211,973,0.161978,0.326492
282,8,15000,256,0.237468,0.000223,1090,0.348955,0.306287
283,8,15000,256,0.241554,0.000224,946,0.33285,0.32552
284,8,15000,256,0.255003,0.000316,1243,0.278575,0.33082
285,8,15000,256,0.266671,0.00026,1045,0.165241,0.335636
286,8,15000,256,0.194504,0.000186,1018,0.341945,0.340758
287,8,15000,256,0.269331,0.000229,1018,0.219073,0.342071
288,8,15000,256,0.252956,0.000238,1027,0.254829,0.344703
289,8,15000,256,0.231348,0.000222,1045,0.205458,0.346689
290,8,15000,256,0.258128,0.000265,1207,0.217045,0.347405
291,8,15000,256,0.232804,0.000255,1027,0.279174,0.348603
292,8,15000,256,0.278595,0.000222,1108,0.246537,0.360401
293,8,15000,256,0.255065,0.000288,1198,0.314227,0.355747
294,8,15000,256,0.226658,0.000214,1018,0.304336,0.351774
295,8,15000,256,0.572164,0.000288,1162,0.050624,0.359064
296,8,15000,256,0.248886,0.000245,1072,0.297184,0.362006
297,8,15000,256,0.236217,0.000253,1162,0.127861,0.361307
298,8,15000,256,0.254104,0.000245,1063,0.174601,0.368989
299,8,15000,256,0.203752,0.000243,1153,0.277885,0.367194
300,8,15000,256,0.238595,0.000243,1018,0.206571,0.369644
301,8,15000,256,0.240158,0.000248,1099,0.248444,0.367756
302,8,15000,256,0.235152,0.00025,1063,0.20211,0.379056
303,8,15000,256,0.194584,0.000237,1018,0.340392,0.377462
304,8,15000,256,0.193195,0.000211,1081,0.263951,0.38275
305,8,15000,256,0.228979,0.000224,982,0.239375,0.389894
306,8,15000,256,0.224841,0.000238,1045,0.164897,0.386806
307,8,15000,256,0.214529,0.000266,1090,0.158453,0.391208
308,8,15000,256,0.244086,0.000244,1108,0.290398,0.396702
309,8,15000,256,0.171565,0.000245,1045,0.207388,0.389832
310,8,15000,256,0.211766,0.000218,1027,0.167626,0.396469
311,8,15000,256,0.186728,0.000235,1090,0.15973,0.400844
312,8,15000,256,0.225666,0.000237,1108,0.168615,0.401417
313,8,15000,256,0.210197,0.000217,1081,0.279396,0.40756
314,8,15000,256,0.214649,0.000232,1090,0.18231,0.407234
315,8,15000,256,0.26219,0.000254,1135,0.214512,0.412546
316,8,15000,256,0.539652,0.000213,1018,0.045799,0.414387
317,8,15000,256,0.127438,0.00023,1144,0.19629,0.418117
318,8,15000,256,0.152723,0.000218,1045,0.217941,0.429407
319,8,15000,256,0.507511,0.000199,937,0.040286,0.430084
320,8,15000,256,0.165846,0.000229,1108,0.333946,0.429152
321,8,15000,256,0.180863,0.000203,1009,0.30206,0.431207
322,8,15000,256,0.134885,0.000196,1153,0.247591,0.451321
323,8,15000,256,0.160028,0.000265,1081,0.264529,0.454264
324,8,15000,256,0.177635,0.000253,1180,0.15634,0.463246
325,8,15000,256,0.131271,0.000201,1117,0.235197,0.476237
326,8,15000,256,0.09689,0.000227,1063,0.308291,0.475698
327,8,15000,256,0.143483,0.00021,1000,0.243932,0.487157
328,8,15000,256,0.123159,0.000233,1117,0.303309,0.473943
329,8,15000,256,0.137138,0.000191,1072,0.252097,0.486871
330,8,15000,256,0.33316,0.000252,1009,0.146615,0.254142
331,8,15000,256,0.365915,0.000226,1081,0.106541,0.2572
332,8,15000,256,0.310143,0.000278,1036,0.191944,0.258
333,8,15000,256,0.350692,0.000262,1017,0.354706,0.26063
334,8,15000,256,0.286427,0.000288,1072,0.201802,0.266238
335,8,15000,256,0.317325,0.00026,1090,0.123241,0.262402
336,8,15000,256,0.294264,0.000238,973,0.322905,0.259702
337,8,15000,256,0.317951,0.000237,1000,0.242244,0.265749
338,8,15000,256,0.294508,0.00031,1099,0.324778,0.267912
339,8,15000,256,0.270827,0.000268,1198,0.218477,0.269359
340,8,15000,256,0.320385,0.00027,1135,0.127902,0.271185
341,8,15000,256,0.289985,0.000266,1162,0.137255,0.275632
342,8,15000,256,0.664152,0.000263,1081,0.015462,0.281673
343,8,15000,256,0.268455,0.000265,1018,0.27468,0.278279
344,8,15000,256,0.603504,0.000252,982,0.029674,0.279891
345,8,15000,256,0.260271,0.000242,1054,0.203957,0.281509
346,8,15000,256,0.283731,0.000209,964,0.157247,0.284143
347,8,15000,256,0.333838,0.000242,1054,0.115917,0.289428
348,8,15000,256,0.290859,0.000288,1171,0.211608,0.287723
349,8,15000,256,0.643793,0.000237,1234,0.026825,0.28615
350,8,15000,256,0.274249,0.000232,982,0.270652,0.291588
351,8,15000,256,0.254629,0.000245,1000,0.341705,0.291638
352,8,15000,256,0.270023,0.000278,1144,0.306133,0.289951
353,8,15000,256,0.274702,0.000304,1045,0.200188,0.299213
354,8,15000,256,0.26988,0.000255,955,0.246889,0.303446
355,8,15000,256,0.308047,0.000236,1063,0.342853,0.300084
356,8,15000,256,0.24506,0.026417,1063,0.204152,0.297915
357,8,15000,256,0.306975,0.000211,1063,0.136326,0.30342
358,8,15000,256,0.288254,0.000248,1045,0.155114,0.299666
359,8,15000,256,0.308373,0.000265,1180,0.258661,0.308826
360,8,15000,256,0.344589,0.000232,1153,0.192372,0.307777
361,8,15000,256,0.280489,0.000252,1099,0.188231,0.312299
362,8,15000,256,0.231647,0.000239,1126,0.345916,0.316096
363,8,15000,256,0.273229,0.000255,1153,0.279371,0.318674
364,8,15000,256,0.273304,0.000226,1063,0.331057,0.317626
365,8,15000,256,0.243029,0.000261,1045,0.238538,0.319584
366,8,15000,256,0.234182,0.000226,1036,0.189968,0.325592
367,8,15000,256,0.244716,0.000223,973,0.229749,0.32661
368,8,15000,256,0.307541,0.000257,1180,0.178528,0.326213
369,8,15000,256,0.643933,0.000241,1000,0.044595,0.3333
370,8,15000,256,0.25244,0.000265,1144,0.256067,0.328762
371,8,15000,256,0.265321,0.000249,1108,0.133561,0.334053
372,8,15000,256,0.289631,0.000273,1081,0.118739,0.338027
373,8,15000,256,0.239168,0.00024,1009,0.233546,0.338155
374,8,15000,256,0.309983,0.00022,1054,0.301437,0.343528
375,8,15000,256,0.260804,0.00023,1063,0.149527,0.339017
376,8,15000,256,0.206446,0.000266,1000,0.237719,0.342375
377,8,15000,256,0.252931,0.00028,1270,0.282101,0.3436
378,8,15000,256,0.238292,0.000261,1117,0.226584,0.344909
379,8,15000,256,0.19604,0.000266,1081,0.232565,0.345584
380,8,15000,256,0.238236,0.000224,1018,0.127645,0.352489
381,8,15000,256,0.219722,0.000265,1126,0.304572,0.356133
382,8,15000,256,0.232077,0.000208,937,0.143047,0.361071
383,8,15000,256,0.193313,0.000238,919,0.296346,0.36456
384,8,15000,256,0.210022,0.000217,1009,0.210511,0.364228
385,8,15000,256,0.285228,0.000247,1036,0.225,0.369541
386,8,15000,256,0.17857,0.000243,973,0.20815,0.371397
387,8,15000,256,0.210212,0.000245,982,0.235461,0.374115
388,8,15000,256,0.219277,0.000228,1099,0.191625,0.372343
389,8,15000,256,0.249374,0.00022,1009,0.317591,0.375287
390,8,15000,256,0.228987,0.000247,1108,0.228017,0.383772
391,8,15000,256,0.159181,0.00026,1108,0.325498,0.380915
392,8,15000,256,0.191304,0.00022,1009,0.294007,0.382815
393,8,15000,256,0.16474,0.000236,1036,0.183266,0.389671
394,8,15000,256,0.209731,0.000242,1063,0.274427,0.393828
395,8,15000,256,0.156013,0.000265,1090,0.33018,0.393254
396,8,15000,256,0.192271,0.000214,1081,0.280649,0.400496
397,8,15000,256,0.190775,0.000225,1090,0.174651,0.408655
398,8,15000,256,0.15135,0.000237,1036,0.262648,0.409574
399,8,15000,256,0.152536,0.000215,1027,0.188765,0.407431
400,8,15000,256,0.175877,0.000261,982,0.159296,0.411477
401,8,15000,256,0.168298,0.000186,1009,0.298318,0.410967
402,8,15000,256,0.217767,0.00023,1117,0.330169,0.41558
403,8,15000,256,0.147238,0.000265,1162,0.168718,0.411971
404,8,15000,256,0.218444,0.000269,1180,0.089617,0.413841
405,8,15000,256,0.1919,0.000225,1072,0.121961,0.415386
406,8,15000,256,0.176087,0.000202,1000,0.206795,0.416965
407,8,15000,256,0.164374,0.000266,1144,0.289449,0.424158
408,8,15000,256,0.160005,0.000253,1045,0.197594,0.422652
409,8,15000,256,0.18736,0.000247,1045,0.25629,0.423437
410,8,15000,256,0.159773,0.000188,1027,0.311413,0.425505
411,8,15000,256,0.132148,0.000207,937,0.264006,0.431288
412,8,15000,256,0.152719,0.000236,1045,0.150403,0.430739
413,8,15000,256,0.133762,0.00022,1045,0.202879,0.434863
414,8,15000,256,0.175767,0.000222,1054,0.160001,0.438651
415,8,15000,256,0.185541,0.000219,1045,0.290309,0.435806
416,8,15000,256,0.164363,0.000243,1063,0.171173,0.438084
417,8,15000,256,0.178229,0.000188,1117,0.147081,0.443381
418,8,15000,256,0.139407,0.000205,1099,0.259272,0.440441
419,8,15000,256,0.206586,0.000238,1000,0.165777,0.442065
420,8,15000,256,0.180775,0.00022,982,0.266894,0.444846
421,8,15000,256,0.164515,0.000247,1153,0.21793,0.446431
422,8,15000,256,0.131605,0.000236,1072,0.265833,0.446642
423,8,15000,256,0.11224,0.000219,1018,0.161298,0.451681
424,8,15000,256,0.491816,0.00023,1117,0.028221,0.451297
425,8,15000,256,0.15258,0.000203,1108,0.116854,0.460271
426,8,15000,256,0.171893,0.000199,955,0.273675,0.455431
427,8,15000,256,0.144317,0.000242,1081,0.298129,0.455323
428,8,15000,256,0.123357,0.000202,991,0.286389,0.458501
429,8,15000,256,0.144169,0.000197,1063,0.286677,0.462778
430,8,15000,256,0.243907,0.000229,1108,0.130899,0.460472
431,8,15000,256,0.159811,0.000251,1108,0.224525,0.459534
432,8,15000,256,0.116178,0.000232,1198,0.314377,0.461442
433,8,15000,256,0.092115,0.000236,1099,0.31582,0.458395
434,8,15000,256,0.145377,0.000225,1063,0.163342,0.463786
435,8,15000,256,0.125729,0.000212,973,0.2177,0.476781
436,8,15000,256,0.184814,0.000209,1090,0.294053,0.465716
437,8,15000,256,0.097524,0.000199,991,0.288369,0.476622
438,8,15000,256,0.431806,0.000226,1090,0.018185,0.469997
439,8,15000,256,0.486474,0.000236,991,0.034206,0.471222
440,8,15000,256,0.150635,0.000223,1090,0.200054,0.477932
441,8,15000,256,0.097414,0.000212,901,0.341222,0.466517
442,8,15000,256,0.119811,0.000182,991,0.258271,0.481175
443,8,15000,256,0.116847,0.000231,1045,0.189836,0.481269
444,8,15000,256,0.158437,0.000217,1108,0.3291,0.484188
445,8,15000,256,0.111197,0.000211,1099,0.22527,0.492079
446,8,15000,256,0.125983,0.000213,1108,0.201885,0.486108
447,8,15000,256,0.090436,0.000216,1045,0.340359,0.487877
448,8,15000,256,0.125575,0.000232,1054,0.142826,0.491349
449,8,15000,256,0.109422,0.000236,1171,0.230223,0.489734
450,8,15000,256,0.107798,0.000248,1099,0.303404,0.490207
451,8,15000,256,0.117832,0.000201,1108,0.264259,0.496444
452,8,15000,256,0.175799,0.000226,1126,0.229581,0.495182
453,8,15000,256,0.087796,0.000226,1054,0.142201,0.495143
454,8,15000,256,0.130193,0.000199,1036,0.246112,0.495731
455,8,15000,256,0.099891,0.000229,1171,0.219782,0.497016
456,8,15000,256,0.1224,0.000236,1117,0.23558,0.49826
457,8,15000,256,0.085722,0.000221,1108,0.333695,0.500864
458,8,15000,256,0.099832,0.000223,1000,0.144647,0.507821
459,8,15000,256,0.071656,0.00022,1171,0.243599,0.5023
460,8,15000,256,0.3988,0.000213,1126,0.046319,0.503119
461,8,15000,256,0.052103,0.000245,1279,0.240983,0.506666
462,8,15000,256,0.081235,0.000208,937,0.333522,0.510667
463,8,15000,256,0.483058,0.000203,991,0.016273,0.510615
464,8,15000,256,0.110703,0.000209,973,0.158465,0.519745
465,8,15000,256,0.105014,0.000219,1099,0.229666,0.513601
466,8,15000,256,0.109013,0.000192,1000,0.197805,0.518725
467,8,15000,256,0.075007,0.000206,1099,0.197957,0.517256
468,8,15000,256,0.08621,0.000211,955,0.254889,0.517587
469,8,15000,256,0.057719,0.000207,1117,0.284322,0.515507
470,8,15000,256,0.120561,0.00022,1099,0.180186,0.523266
471,8,15000,256,0.069294,0.000212,1072,0.284568,0.51948
472,8,15000,256,0.128939,0.000226,1198,0.311998,0.521538
473,8,15000,256,0.049259,0.000172,919,0.254347,0.525673
474,8,15000,256,0.439683,0.000219,991,0.021274,0.528244
475,8,15000,256,0.123001,0.000204,1153,0.116179,0.531429
476,8,15000,256,0.138625,0.00023,1135,0.233217,0.536233
477,8,15000,256,0.040492,0.000204,1117,0.237758,0.530984
478,8,15000,256,0.085229,0.000191,982,0.151035,0.536175
479,8,15000,256,0.064267,0.000198,1009,0.144574,0.532597
480,8,15000,256,0.068778,0.000178,1009,0.256646,0.53791
481,8,15000,256,0.126401,0.000206,1072,0.2519,0.534297
482,8,15000,256,0.06605,0.000205,1045,0.294226,0.534671
483,8,15000,256,0.087034,0.000192,910,0.18438,0.537921
484,8,15000,256,0.061453,0.000176,1027,0.261628,0.541256
485,8,15000,256,0.070773,0.000187,991,0.186113,0.539428
486,8,15000,256,0.053852,0.000191,1090,0.310378,0.538255
487,8,15000,256,0.047043,0.0002,1000,0.275408,0.537887
488,8,15000,256,0.052291,0.000208,1090,0.172261,0.544719
489,8,15000,256,0.153186,0.000202,1072,0.141419,0.435613
490,8,15000,256,0.14549,0.000247,1198,0.267422,0.448553
491,8,15000,256,0.080015,0.000232,1144,0.354467,0.482811
492,8,15000,256,0.121333,0.000188,1099,0.18871,0.485703
493,8,15000,256,0.12913,0.000206,1018,0.115377,0.482924
494,8,15000,256,0.05869,0.000218,1027,0.312696,0.511775
495,8,15000,256,0.073844,0.000184,1054,0.135802,0.518543
496,8,15000,256,0.072793,0.000239,1234,0.178323,0.521328
497,8,15000,256,0.080363,0.000193,982,0.278515,0.532997
498,8,15000,256,0.039608,0.000212,982,0.170183,0.537556
499,8,15000,256,0.100714,0.000191,1009,0.112369,0.537486
500,8,15000,256,0.026244,0.000199,1027,0.261834,0.53758
501,8,15000,256,0.102607,0.000202,1126,0.177951,0.537901
502,8,15000,256,0.099087,0.00019,937,0.226798,0.5407
503,8,15000,256,0.092631,0.000216,1063,0.223888,0.529899
504,8,15000,256,0.098237,0.000212,1018,0.29664,0.451546
505,8,15000,256,0.111111,0.000193,1045,0.169664,0.526189
506,8,15000,256,0.122825,0.000178,1027,0.143836,0.512347
507,8,15000,256,0.140651,0.000236,1054,0.222999,0.439888
508,8,15000,256,0.071643,0.00017,937,0.252504,0.556575
509,8,15000,256,0.112665,0.000189,1009,0.165046,0.535915
510,8,15000,256,0.069021,0.000188,991,0.343587,0.539869
511,8,15000,256,0.119086,0.000181,919,0.189217,0.559834
